{"cameraMode":{"drawMode":0,"name":"Shaded","section":"Shading Mode"},"sceneLighting":false,"audioPlay":false,"sceneViewState":{"m_AlwaysRefresh":false,"showFog":true,"showSkybox":false,"showFlares":true,"showImageEffects":true,"showParticleSystems":true,"showVisualEffectGraphs":true,"m_FxEnabled":true},"in2DMode":false,"pivot":{"x":2.749293088912964,"y":0.031663499772548679,"z":4.479215621948242},"rotation":{"x":0.4191513955593109,"y":-0.05930716544389725,"z":0.027450939640402795,"w":0.9055616855621338},"size":0.7077445983886719,"orthographic":false}