{"cameraMode":{"drawMode":0,"name":"Shaded","section":"Shading Mode"},"sceneLighting":false,"audioPlay":false,"sceneViewState":{"m_AlwaysRefresh":false,"showFog":true,"showSkybox":false,"showFlares":true,"showImageEffects":true,"showParticleSystems":true,"showVisualEffectGraphs":true,"m_FxEnabled":true},"in2DMode":false,"pivot":{"x":1.1319315433502198,"y":0.5000633001327515,"z":4.990508079528809},"rotation":{"x":-0.3309691846370697,"y":0.029429879039525987,"z":-0.010327167809009552,"w":-0.9431304335594177},"size":0.3842047452926636,"orthographic":false}