{"cameraMode":{"drawMode":0,"name":"Shaded","section":"Shading Mode"},"sceneLighting":true,"audioPlay":false,"sceneViewState":{"m_AlwaysRefresh":false,"showFog":true,"showSkybox":true,"showFlares":true,"showImageEffects":true,"showParticleSystems":true,"showVisualEffectGraphs":true,"m_FxEnabled":true},"in2DMode":false,"pivot":{"x":0.7889891862869263,"y":0.34131622314453127,"z":1.4989780187606812},"rotation":{"x":0.35623279213905337,"y":0.3742314279079437,"z":-0.1584438979625702,"w":0.8413974046707153},"size":1.6598362922668458,"orthographic":false}