{"cameraMode":{"drawMode":0,"name":"Shaded","section":"Shading Mode"},"sceneLighting":false,"audioPlay":false,"sceneViewState":{"m_AlwaysRefresh":false,"showFog":true,"showSkybox":false,"showFlares":true,"showImageEffects":true,"showParticleSystems":true,"showVisualEffectGraphs":true,"m_FxEnabled":true},"in2DMode":false,"pivot":{"x":-0.03633494675159454,"y":0.15786325931549073,"z":0.2901533842086792},"rotation":{"x":0.2719687223434448,"y":0.060575585812330249,"z":-0.01715674065053463,"w":0.9602448344230652},"size":0.8660253882408142,"orthographic":false}