{"cameraMode":{"drawMode":0,"name":"Shaded","section":"Shading Mode"},"sceneLighting":false,"audioPlay":false,"sceneViewState":{"m_AlwaysRefresh":false,"showFog":true,"showSkybox":false,"showFlares":true,"showImageEffects":true,"showParticleSystems":true,"showVisualEffectGraphs":true,"m_FxEnabled":true},"in2DMode":false,"pivot":{"x":1.5481104850769044,"y":0.31751057505607607,"z":-0.29635927081108096},"rotation":{"x":0.35728561878204348,"y":0.46567413210868838,"z":-0.21300454437732697,"w":0.7811049222946167},"size":0.7750566005706787,"orthographic":false}