{"cameraMode":{"drawMode":0,"name":"Shaded","section":"Shading Mode"},"sceneLighting":false,"audioPlay":false,"sceneViewState":{"m_AlwaysRefresh":false,"showFog":true,"showSkybox":false,"showFlares":true,"showImageEffects":true,"showParticleSystems":true,"showVisualEffectGraphs":true,"m_FxEnabled":true},"in2DMode":false,"pivot":{"x":-1.0546228885650635,"y":0.14831826090812684,"z":2.497030258178711},"rotation":{"x":0.3448008596897125,"y":0.5385674238204956,"z":-0.25618383288383486,"w":0.7248641848564148},"size":0.7224252820014954,"orthographic":false}