{"cameraMode":{"drawMode":0,"name":"Shaded","section":"Shading Mode"},"sceneLighting":false,"audioPlay":false,"sceneViewState":{"m_AlwaysRefresh":false,"showFog":true,"showSkybox":false,"showFlares":true,"showImageEffects":true,"showParticleSystems":true,"showVisualEffectGraphs":true,"m_FxEnabled":true},"in2DMode":false,"pivot":{"x":-1.6588311195373536,"y":0.2933039665222168,"z":2.9186787605285646},"rotation":{"x":0.2976715862751007,"y":0.5894666314125061,"z":-0.24748694896697999,"w":0.7089967131614685},"size":0.7654587626457214,"orthographic":false}