{"cameraMode":{"drawMode":0,"name":"Shaded","section":"Shading Mode"},"sceneLighting":false,"audioPlay":false,"sceneViewState":{"m_AlwaysRefresh":false,"showFog":true,"showSkybox":false,"showFlares":true,"showImageEffects":true,"showParticleSystems":true,"showVisualEffectGraphs":true,"m_FxEnabled":true},"in2DMode":false,"pivot":{"x":3.299999952316284,"y":0.23100000619888307,"z":1.3459999561309815},"rotation":{"x":0.3702363669872284,"y":0.5513348579406738,"z":-0.2976263463497162,"w":0.6858429908752441},"size":0.08660249412059784,"orthographic":false}